[{"model": "admin.logentry", "pk": 1, "fields": {"action_time": "2026-02-15T18:46:00.382Z", "user": 1, "content_type": 7, "object_id": "1", "object_repr": "gym apparel", "action_flag": 1, "change_message": "[{\"added\": {}}]"}}, {"model": "admin.logentry", "pk": 2, "fields": {"action_time": "2026-02-15T18:46:17.869Z", "user": 1, "content_type": 7, "object_id": "2", "object_repr": "accessories", "action_flag": 1, "change_message": "[{\"added\": {}}]"}}, {"model": "admin.logentry", "pk": 3, "fields": {"action_time": "2026-02-15T18:46:55.059Z", "user": 1, "content_type": 7, "object_id": "3", "object_repr": "diet & supplements", "action_flag": 1, "change_message": "[{\"added\": {}}]"}}, {"model": "admin.logentry", "pk": 4, "fields": {"action_time": "2026-02-15T18:47:10.189Z", "user": 1, "content_type": 7, "object_id": "4", "object_repr": "fashion", "action_flag": 1, "change_message": "[{\"added\": {}}]"}}, {"model": "admin.logentry", "pk": 5, "fields": {"action_time": "2026-02-15T19:03:13.747Z", "user": 1, "content_type": 7, "object_id": "5", "object_repr": "home workout", "action_flag": 1, "change_message": "[{\"added\": {}}]"}}, {"model": "user.user", "pk": 1, "fields": {"password": "pbkdf2_sha256$1000000$InmU56z14AzVSxWCKEu6Ai$FU7gj5jKBVhHamycyI4jIvn492qS/gSdmYZrWUeJqz0=", "last_login": "2026-02-15T18:19:16.467Z", "is_superuser": true, "first_name": "", "last_name": "", "email": "root@example.com", "is_staff": true, "is_active": true, "date_joined": "2026-02-15T18:18:40.831Z", "groups": [], "user_permissions": []}}, {"model": "sessions.session", "pk": "0e2s7xjky52rc6ztotjs04jm8vstzct3", "fields": {"session_data": ".eJxVjDkOwjAURO_iGlle4y9Kes5g-S_GAZRIWaqIu5NIKaCYZt6b2VQu69LyOsuUe1ZXZdXlt8NCLxkOwM8yPEZN47BMPepD0Sed9X1ked9O9--glbntaymGjU_cGUYJxe9hQBBJBqILwRMh2xodAtSaohO0QJ4gEXciVX2-CNQ5JA:1vrgiC:Rg48Bz05l_XZceTdm5bJpDkBccV84MwCXMQQS6L9RrQ", "expire_date": "2026-03-01T18:19:16.469Z"}}, {"model": "api1.catagory", "pk": 1, "fields": {"name": "gym apparel"}}, {"model": "api1.catagory", "pk": 2, "fields": {"name": "accessories"}}, {"model": "api1.catagory", "pk": 3, "fields": {"name": "diet & supplements"}}, {"model": "api1.catagory", "pk": 4, "fields": {"name": "fashion"}}, {"model": "api1.catagory", "pk": 5, "fields": {"name": "home workout"}}, {"model": "api1.keyword", "pk": 1, "fields": {"name": "premium shoes"}}, {"model": "api1.keyword", "pk": 2, "fields": {"name": "luxury footwear"}}, {"model": "api1.keyword", "pk": 3, "fields": {"name": "casual"}}, {"model": "api1.keyword", "pk": 4, "fields": {"name": "mens formal"}}, {"model": "api1.keyword", "pk": 5, "fields": {"name": "business"}}, {"model": "api1.keyword", "pk": 6, "fields": {"name": "shoes"}}, {"model": "api1.keyword", "pk": 7, "fields": {"name": "urban sneakers"}}, {"model": "api1.keyword", "pk": 8, "fields": {"name": "training shoes"}}, {"model": "api1.keyword", "pk": 9, "fields": {"name": "running shoes"}}, {"model": "api1.keyword", "pk": 10, "fields": {"name": "light weight shoes"}}, {"model": "api1.keyword", "pk": 11, "fields": {"name": "casual footwear"}}, {"model": "api1.keyword", "pk": 12, "fields": {"name": "gym shoes"}}, {"model": "api1.keyword", "pk": 13, "fields": {"name": "footwear"}}, {"model": "api1.keyword", "pk": 14, "fields": {"name": "breathable mesh"}}, {"model": "api1.keyword", "pk": 15, "fields": {"name": "casual shoes"}}, {"model": "api1.keyword", "pk": 16, "fields": {"name": "work boots"}}, {"model": "api1.keyword", "pk": 17, "fields": {"name": "trail runner"}}, {"model": "api1.keyword", "pk": 18, "fields": {"name": "fashion"}}, {"model": "api1.keyword", "pk": 19, "fields": {"name": "smooth walk"}}, {"model": "api1.keyword", "pk": 20, "fields": {"name": "back support"}}, {"model": "api1.keyword", "pk": 21, "fields": {"name": "weightlifting"}}, {"model": "api1.keyword", "pk": 22, "fields": {"name": "powerlifting"}}, {"model": "api1.keyword", "pk": 23, "fields": {"name": "gym gear"}}, {"model": "api1.keyword", "pk": 24, "fields": {"name": "leather belt"}}, {"model": "api1.keyword", "pk": 25, "fields": {"name": "strength trainer"}}, {"model": "api1.keyword", "pk": 26, "fields": {"name": "wrist support"}}, {"model": "api1.keyword", "pk": 27, "fields": {"name": "bench press"}}, {"model": "api1.keyword", "pk": 28, "fields": {"name": "gym wraps"}}, {"model": "api1.keyword", "pk": 29, "fields": {"name": "heavy duty"}}, {"model": "api1.keyword", "pk": 30, "fields": {"name": "lifting gear"}}, {"model": "api1.keyword", "pk": 31, "fields": {"name": "squat gear"}}, {"model": "api1.keyword", "pk": 32, "fields": {"name": "knee compression"}}, {"model": "api1.keyword", "pk": 33, "fields": {"name": "leg day"}}, {"model": "api1.keyword", "pk": 34, "fields": {"name": "joint warmth"}}, {"model": "api1.keyword", "pk": 35, "fields": {"name": "neoprene sleeves"}}, {"model": "api1.keyword", "pk": 36, "fields": {"name": "hand grip"}}, {"model": "api1.keyword", "pk": 37, "fields": {"name": "grip"}}, {"model": "api1.keyword", "pk": 38, "fields": {"name": "strong grip"}}, {"model": "api1.keyword", "pk": 39, "fields": {"name": "hand power"}}, {"model": "api1.keyword", "pk": 40, "fields": {"name": "muscles up"}}, {"model": "api1.keyword", "pk": 41, "fields": {"name": "hand protection"}}, {"model": "api1.keyword", "pk": 42, "fields": {"name": "padded palm"}}, {"model": "api1.keyword", "pk": 43, "fields": {"name": "gym gloves"}}, {"model": "api1.keyword", "pk": 44, "fields": {"name": "breatable gloves"}}, {"model": "api1.keyword", "pk": 45, "fields": {"name": "workout gloves"}}, {"model": "api1.keyword", "pk": 46, "fields": {"name": "jump rope"}}, {"model": "api1.keyword", "pk": 47, "fields": {"name": "fitness"}}, {"model": "api1.keyword", "pk": 48, "fields": {"name": "speed rope"}}, {"model": "api1.keyword", "pk": 49, "fields": {"name": "double unders"}}, {"model": "api1.keyword", "pk": 50, "fields": {"name": "weighted vest"}}, {"model": "api1.keyword", "pk": 51, "fields": {"name": "creossfit"}}, {"model": "api1.keyword", "pk": 52, "fields": {"name": "cardio boost"}}, {"model": "api1.keyword", "pk": 53, "fields": {"name": "adjustable weight"}}, {"model": "api1.keyword", "pk": 54, "fields": {"name": "resistance training"}}, {"model": "api1.size", "pk": 1, "fields": {"name": "7"}}, {"model": "api1.size", "pk": 2, "fields": {"name": "8"}}, {"model": "api1.size", "pk": 3, "fields": {"name": "9"}}, {"model": "api1.size", "pk": 4, "fields": {"name": "10"}}, {"model": "api1.size", "pk": 5, "fields": {"name": "11"}}, {"model": "api1.size", "pk": 6, "fields": {"name": "12"}}, {"model": "api1.color", "pk": 1, "fields": {"name": "white"}}, {"model": "api1.color", "pk": 2, "fields": {"name": "black"}}, {"model": "api1.color", "pk": 3, "fields": {"name": "gray"}}, {"model": "api1.products", "pk": 1, "fields": {"pr_id": "Vanguard Elite Loafers_4_1", "pr_name": "Vanguard Elite Loafers", "pr_desc": "Crafted from premium top-grain leather, these loafers offer a seamless blend of luxury and comfort. Perfect for high-profile meetings or sophisticated evening events.", "pr_price": 1599, "strick_price": 2000, "brand": "addidas", "catagory": 4, "stock": 100, "created_at": "2026-02-15T19:13:27.809Z", "updated_at": "2026-02-17T08:50:06.597Z", "pr_keywords": [1, 2, 3, 4, 5, 6], "pr_sizes": [1, 2, 3, 4, 5, 6], "pr_colors": [1, 2], "pr_weights": []}}, {"model": "api1.products", "pk": 2, "fields": {"pr_id": "Midnight Stealth Sneak_4_2", "pr_name": "Midnight Stealth Sneak", "pr_desc": "Engineered for the modern urban explorer. Featuring a triple-black aesthetic with ultra-lightweight soles for maximum agility and a sharp, clean look.", "pr_price": 1999, "strick_price": 2500, "brand": "adidas", "catagory": 4, "stock": 99, "created_at": "2026-02-15T19:20:25.879Z", "updated_at": "2026-02-17T08:50:06.755Z", "pr_keywords": [6, 7, 8, 9, 10, 11], "pr_sizes": [1, 2, 3, 4, 5, 6], "pr_colors": [1, 2], "pr_weights": []}}, {"model": "api1.products", "pk": 3, "fields": {"pr_id": "Breathable Mesh Runner_1_3", "pr_name": "Breathable Mesh Runner", "pr_desc": "Push your limits with maximum airflow. Built with high-performance mesh technology to keep your feet cool during intense workouts and long-distance", "pr_price": 2499, "strick_price": 3000, "brand": "addidas", "catagory": 1, "stock": 122, "created_at": "2026-02-15T19:24:39.268Z", "updated_at": "2026-02-17T08:50:06.795Z", "pr_keywords": [6, 9, 12, 13, 14], "pr_sizes": [1, 2, 3, 4, 5, 6], "pr_colors": [3, 2], "pr_weights": []}}, {"model": "api1.products", "pk": 4, "fields": {"pr_id": "Rugged All-Terrain_1_4", "pr_name": "Rugged All-Terrain", "pr_desc": "Built to withstand the toughest conditions. Water-resistant exterior and reinforced grip soles make these the ultimate choice for durability and protection.", "pr_price": 1299, "strick_price": 1500, "brand": "addidas", "catagory": 1, "stock": 99, "created_at": "2026-02-15T19:28:03.014Z", "updated_at": "2026-02-17T08:50:06.878Z", "pr_keywords": [6, 8, 9, 12, 15, 16], "pr_sizes": [1, 2, 3, 4, 5, 6], "pr_colors": [2, 1], "pr_weights": []}}, {"model": "api1.products", "pk": 5, "fields": {"pr_id": "Summit Peak Hiking_1_5", "pr_name": "Summit Peak Hiking", "pr_desc": "Conquer every trail with confidence. Engineered with superior ankle support and anti-slip traction to handle rocky paths and steep inclines.", "pr_price": 999, "strick_price": 1500, "brand": "addidas", "catagory": 1, "stock": 98, "created_at": "2026-02-15T19:32:49.318Z", "updated_at": "2026-02-17T08:50:06.998Z", "pr_keywords": [6, 9, 17, 18, 19], "pr_sizes": [1, 2, 3, 4, 5, 6], "pr_colors": [], "pr_weights": []}}, {"model": "api1.products", "pk": 6, "fields": {"pr_id": "Leather Lifting Belt_2_6", "pr_name": "Leather Lifting Belt", "pr_desc": "Crafted from double-stitched premium cowhide leather to provide maximum lumbar support and core stability during heavy squats and deadlifts for professional athletes.", "pr_price": 399, "strick_price": 500, "brand": "other", "catagory": 2, "stock": 99, "created_at": "2026-02-15T19:37:56.868Z", "updated_at": "2026-02-17T08:50:07.101Z", "pr_keywords": [20, 21, 22, 23, 24, 25], "pr_sizes": [], "pr_colors": [3], "pr_weights": []}}, {"model": "api1.products", "pk": 7, "fields": {"pr_id": "Titanium Series Wraps_2_7", "pr_name": "Titanium Series Wraps", "pr_desc": "These heavy-duty elastic wraps are designed to stabilize your wrists and prevent injury during high-impact pressing movements like bench press and overhead lifts.", "pr_price": 500, "strick_price": 600, "brand": "other", "catagory": 2, "stock": 100, "created_at": "2026-02-15T19:42:36.307Z", "updated_at": "2026-02-17T08:50:07.126Z", "pr_keywords": [26, 27, 28, 29, 30], "pr_sizes": [], "pr_colors": [2], "pr_weights": []}}, {"model": "api1.products", "pk": 8, "fields": {"pr_id": "Plated Knee Sleeves_2_8", "pr_name": "Plated Knee Sleeves", "pr_desc": "These 7mm high-grade neoprene sleeves provide superior compression, warmth, and lateral stability to help you recover faster and lift heavier with total confidence.", "pr_price": 650, "strick_price": 800, "brand": "other", "catagory": 2, "stock": 100, "created_at": "2026-02-15T19:47:04.901Z", "updated_at": "2026-02-17T08:50:07.146Z", "pr_keywords": [31, 32, 33, 34, 35], "pr_sizes": [], "pr_colors": [2, 3], "pr_weights": []}}, {"model": "api1.products", "pk": 9, "fields": {"pr_id": "Core Fat Grip_2_9", "pr_name": "Core Fat Grip", "pr_desc": "muscles up your hand to increase muscle activation in your forearms and upper arms, leading to massive grip strength gains.", "pr_price": 450, "strick_price": 500, "brand": "other", "catagory": 2, "stock": 99, "created_at": "2026-02-15T19:52:21.711Z", "updated_at": "2026-02-17T08:50:07.172Z", "pr_keywords": [36, 37, 38, 39, 40], "pr_sizes": [], "pr_colors": [], "pr_weights": []}}, {"model": "api1.products", "pk": 10, "fields": {"pr_id": "Apex protecting Gloves_2_10", "pr_name": "Apex protecting Gloves", "pr_desc": "Features an integrated wrist wrap and ventilated mesh design to provide maximum hand protection and breathability while preventing painful calluses during your intense workout sessions.", "pr_price": 1000, "strick_price": 1200, "brand": "other", "catagory": 2, "stock": 100, "created_at": "2026-02-15T19:56:18.712Z", "updated_at": "2026-02-17T08:50:07.194Z", "pr_keywords": [41, 42, 43, 44, 45], "pr_sizes": [], "pr_colors": [], "pr_weights": []}}, {"model": "api1.products", "pk": 11, "fields": {"pr_id": "High-Speed Jump Rope_2_11", "pr_name": "High-Speed Jump Rope", "pr_desc": ": Engineered with a lightweight steel cable and precision ball bearings to allow for lightning-fast rotations, making it the perfect tool for mastering double-unders.", "pr_price": 900, "strick_price": 1300, "brand": "other", "catagory": 2, "stock": 99, "created_at": "2026-02-15T19:58:48.203Z", "updated_at": "2026-02-17T08:50:07.214Z", "pr_keywords": [46, 47, 48, 49], "pr_sizes": [], "pr_colors": [2, 3], "pr_weights": []}}, {"model": "api1.products", "pk": 12, "fields": {"pr_id": "Endurance Weight Vest_2_12", "pr_name": "Endurance Weight Vest", "pr_desc": "Take your training to the next level with this 10kg adjustable vest, designed to sit comfortably on your shoulders while adding resistance to cardio drills.", "pr_price": 1600, "strick_price": 2000, "brand": "other", "catagory": 2, "stock": 99, "created_at": "2026-02-15T20:01:29.484Z", "updated_at": "2026-02-17T08:50:07.243Z", "pr_keywords": [50, 51, 52, 53, 54], "pr_sizes": [], "pr_colors": [], "pr_weights": []}}, {"model": "api1.images", "pk": 1, "fields": {"product_id": "Vanguard Elite Loafers_4_1", "image": "product_images/download_1_I1z9kNV.webp"}}, {"model": "api1.images", "pk": 2, "fields": {"product_id": "Midnight Stealth Sneak_4_2", "image": "product_images/Temu__╪¬╪│┘ê┘é_┘â╪º┘ä┘à┘ä┘è╪º╪▒╪»┘è╪▒.webp"}}, {"model": "api1.images", "pk": 3, "fields": {"product_id": "Breathable Mesh Runner_1_3", "image": "product_images/download_7_1.webp"}}, {"model": "api1.images", "pk": 4, "fields": {"product_id": "Rugged All-Terrain_1_4", "image": "product_images/Mens_Black_Athletic_Running_Sneakers_Lightweight_Breathable_Mesh_Lace-Up_YRQrULD.webp"}}, {"model": "api1.images", "pk": 5, "fields": {"product_id": "Summit Peak Hiking_1_5", "image": "product_images/download_2.webp"}}, {"model": "api1.images", "pk": 6, "fields": {"product_id": "Leather Lifting Belt_2_6", "image": "product_images/RDX_Weight_Lifting_Straps_Figure_8_Anti_Slip_Strap_with_Cuffs_Wrist_Supp_8awcGLC.webp"}}, {"model": "api1.images", "pk": 7, "fields": {"product_id": "Titanium Series Wraps_2_7", "image": "product_images/DMoose_Fitness_Weight_Lifting_Hooks_Pair_Hand_Grip_Support_Wrist_Straps__Psc4MoP.webp"}}, {"model": "api1.images", "pk": 8, "fields": {"product_id": "Plated Knee Sleeves_2_8", "image": "product_images/Vorkoi_Knee_Brace_Knee_Compression_Sleeve_Support_for_Men_and_Women_Knee_QorCrKy.webp"}}, {"model": "api1.images", "pk": 9, "fields": {"product_id": "Core Fat Grip_2_9", "image": "product_images/Mola_Ajust├ível_Hand_Grip__Lorben_5_60kg_C__Contador_Fitness.webp"}}, {"model": "api1.images", "pk": 10, "fields": {"product_id": "Apex protecting Gloves_2_10", "image": "product_images/gloves2.webp"}}, {"model": "api1.images", "pk": 11, "fields": {"product_id": "High-Speed Jump Rope_2_11", "image": "product_images/Gritin_Skipping_Rope_Speed_Jump_Rope_Soft_Memory_Foam_Handle_Tangle-free_RSbwTfS.webp"}}, {"model": "api1.images", "pk": 12, "fields": {"product_id": "Endurance Weight Vest_2_12", "image": "product_images/Unisex_Posture_Corrector___Improve_your_alignment_under_your_clothes_a.webp"}}]
